rank,uri,artist_names,track_name,source,peak_rank,previous_rank,weeks_on_chart,streams
1,"spotify:track:3sK8wGT43QFpWrvNQsrQya","Bad Bunny","DtMF","Rimas Entertainment LLC.",1,1,59,"60572294"
2,"spotify:track:2lTm559tuIvatlT1u0JYG2","Bad Bunny","BAILE INoLVIDABLE","Rimas Entertainment LLC.",2,2,59,"43887047"
3,"spotify:track:5TFD2bmFKGhoCRbX61nXY5","Bad Bunny","NUEVAYoL","Rimas Entertainment LLC.",3,3,59,"43135702"
4,"spotify:track:1IHWl5LamUGEuP4ozKQSXZ","Bad Bunny","Tití Me Preguntó","Rimas Entertainment LLC",4,8,64,"39762842"
5,"spotify:track:3qhlB30KknSejmIvZZLjOD","Djo","End of Beginning","Djo",1,5,105,"35225040"
6,"spotify:track:6J5kc12BW5HuP3d7C3vvx8","Bad Bunny","EoO","Rimas Entertainment LLC.",4,4,59,"34770304"
7,"spotify:track:1qbmS6ep2hbBRaEZFpn7BX","Olivia Dean","Man I Need","PLG - Capitol",3,7,26,"32803720"
8,"spotify:track:53iuhJlwXhSER5J2IYYv1W","Taylor Swift","The Fate of Ophelia","Taylor Swift",1,6,20,"32399447"
9,"spotify:track:6sGIMrtIzQjdzNndVxe397","Olivia Dean","So Easy (To Fall In Love)","PLG - Capitol",6,12,21,"28656927"
10,"spotify:track:7qjZnBKE73H4Oxkopwulqe","sombr","back to friends","Warner Records",1,10,48,"27545784"
11,"spotify:track:55lijDD6OAjLFFUHU9tcDm","RAYE","WHERE IS MY HUSBAND!","Human Re Sources",6,14,22,"26289013"
12,"spotify:track:1CPZ5BxNNd0n0nF4Orb9JS","HUNTR/X, EJAE, AUDREY NUNA, REI AMI, KPop Demon Hunters Cast","Golden","K-Pop Demon Hunters",1,16,35,"25964218"
13,"spotify:track:59D4DOkspUbWyMmbAPQkxZ","Bad Bunny","VOY A LLeVARTE PA PR","Rimas Entertainment LLC.",8,9,51,"24877204"
14,"spotify:track:1rIKgCH4H52lrvDcz50hS8","Zara Larsson","Lush Life","Epic/Record Company TEN",7,17,26,"24861478"
15,"spotify:track:2RkZ5LkEzeHGRsmDqKwmaJ","Alex Warren","Ordinary","Atlantic Records",1,13,54,"24697708"
16,"spotify:track:3oTuTpF1F3A7rEC6RKsMRz","Dave, Tems","Raindance (feat. Tems)","Neighbourhood",11,19,12,"23377430"
17,"spotify:track:0fea68AdmYNygeTGI4RC18","J Balvin, Bad Bunny","LA CANCIÓN","Universal Music Latino / Rimas",11,11,139,"21780324"
18,"spotify:track:7so0lgd0zP2Sbgs2d7a1SZ","Lady Gaga, Bruno Mars","Die With A Smile","Interscope Records",1,22,79,"21731957"
19,"spotify:track:2gYTC8DsplN3RNdpdBcCOQ","SIENNA SPIRO","Die On This Hill","Capitol Records",9,20,10,"21703202"
20,"spotify:track:6dOtVTDdiauQNBQEDOtlAB","Billie Eilish","BIRDS OF A FEATHER","Darkroom/Interscope Records",1,23,92,"20193424"
21,"spotify:track:12bYYQaLqHliSXvRIYlq8G","Bruno Mars","I Just Might","Atlantic Records",3,24,6,"19505572"
22,"spotify:track:1JSTJqkT5qHq8MDJnJbRE1","The Police","Every Breath You Take","Polydor Records",8,27,219,"19380917"
23,"spotify:track:6Qyc6fS4DsZjB2mRW9DsQs","The Goo Goo Dolls","Iris","Warner Records",12,28,129,"19188256"
24,"spotify:track:7tICCrK3CcyRFKza7yrR0z","sombr","Homewrecker","Warner Records",24,35,2,"19085640"
25,"spotify:track:0myRViRgmQ3J8izICXEAVO","She & Him","I Thought I Saw Your Face Today","Merge Records",14,29,11,"19035390"
26,"spotify:track:0l0vcZMU7AOeQmUIREoI2U","Rauw Alejandro, Bad Bunny","Qué Pasaría...","Sony Music Latin/Duars Entertainment",17,18,58,"19020401"
27,"spotify:track:7yNf9YjeO5JXUE3JEBgnYc","Dominic Fike","Babydoll","Columbia",27,58,14,"18116858"
28,"spotify:track:3yWuTOYDztXjZxdE2cIRUa","Taylor Swift","Opalite","Taylor Swift",2,15,20,"17999620"
29,"spotify:track:2BwO5K8Q7EPAJSGze3AAh9","Sabrina Carpenter","Manchild","Island Records",1,25,37,"17899831"
30,"spotify:track:1DwscornXpj8fmOmYVlqZt","PinkPantheress, Zara Larsson","Stateside + Zara Larsson","Warner Records",24,30,6,"17306332"
31,"spotify:track:3QaPy1KgI7nu9FJEQUgn6h","Billie Eilish","WILDFLOWER","Darkroom/Interscope Records",9,26,92,"17288675"
32,"spotify:track:21IYMdzTrzSe191Cy5eMap","Gigi Perez","Sailor Song","Outtahere, LLC / Island Records",7,33,79,"17123436"
33,"spotify:track:4WFgvKVfEhb3IUAFGrutTR","Ravyn Lenae","Love Me Not","Atlantic Records",8,32,48,"17008098"
34,"spotify:track:7d6yK8v8J484SWH5prIQiE","Bad Bunny, Omar Courtz, Dei V","VeLDÁ","Rimas Entertainment LLC.",9,21,52,"16786255"
35,"spotify:track:05od2qm2MTSKCHxy1GBp5W","sombr","12 to 12","Warner Records",14,34,30,"16112071"
36,"spotify:track:0cQVqPuHQP4KEwc7ZUQmj6","The Neighbourhood","Sweater Weather","Columbia",16,37,286,"15754404"
37,"spotify:track:1xOqGUkyxGQRdCvGpvWKmL","KATSEYE","Gabriela","HYBE/Geffen",10,36,35,"15503013"
38,"spotify:track:2pbSCYzxrG0wa6qcj8IyiE","El Bogueto, Anuel AA, Fuerza Regida, Yung Beef","Cuando No Era Cantante - Remix","El Bogueto",30,39,10,"14838031"
39,"spotify:track:70LcF31zb1H0PyJoS1Sx1r","Radiohead","Creep","XL Recordings",27,40,116,"14597562"
40,"spotify:track:1zi7xx7UVEFkmKfv06H8x0","Drake, Wizkid, Kyla","One Dance","Cash Money Records/Young Money Ent./Universal Rec.",12,45,266,"14328439"
41,"spotify:track:4MjDJD8cW7iVeWInc2Bdyj","Bad Bunny","MONACO","Rimas Entertainment LLC",1,46,23,"14285708"
42,"spotify:track:7CyPwkp0oE8Ro9Dd5CUDjW","The Weeknd, JENNIE, Lily-Rose Depp","One Of The Girls (with JENNIE, Lily Rose Depp)","XO / Republic Records",3,42,124,"14187120"
43,"spotify:track:27xkOIER6uDLKALIelHylZ","Jin","Don’t Say You Love Me","BIGHIT MUSIC",2,48,40,"14135674"
44,"spotify:track:5XeFesFbtLpXzIVDNQP22n","Arctic Monkeys","I Wanna Be Yours","Domino Recording Co",15,54,189,"14091432"
45,"spotify:track:3cZajhyr8LmtPfHZ9296tj","Disco Lines, Tinashe","No Broke Boys","Nice Life/Atlantic",13,43,34,"14007019"
46,"spotify:track:2HRqTpkrJO5ggZyyK6NPWz","Sabrina Carpenter","Espresso","Island Records",1,47,97,"13977653"
47,"spotify:track:0KKkJNfGyhkQ5aFogxQAPU","Bruno Mars","That's What I Like","Atlantic Records",6,44,173,"13955273"
48,"spotify:track:3AJwUDP919kvQ9QcozQPxg","Coldplay","Yellow","Parlophone UK",19,53,270,"13947953"
49,"spotify:track:3xkHsmpQCBMytMJNiDf3Ii","Benson Boone","Beautiful Things","Night Street Records, Inc./Warner Records Inc.",1,52,109,"13858308"
50,"spotify:track:4MUrUT38U98olfnyzMBCzm","Bad Bunny","KLOuFRENS","Rimas Entertainment LLC.",19,31,26,"13719176"
51,"spotify:track:6N2iccqxRInhTLHc2Fu3W0","El Bogueto, Yung Beef","Cuando No Era Cantante","Candela Music",18,77,18,"13692826"
52,"spotify:track:003vvx7Niy0yvhvHt4a68B","The Killers","Mr. Brightside","Island Records",52,67,208,"13371089"
53,"spotify:track:3e32UUqXzrI4g2y5kNZrwC","Peso Pluma, Tito Double P","dopamina","Double P Records",13,50,8,"13321413"
54,"spotify:track:65DbTqJKhbwqYbZ1Okr0rc","Ella Langley","Choosin' Texas","SAWGOD/Columbia",52,66,7,"13270259"
55,"spotify:track:5g7sDjBhZ4I3gcFIpkrLuI","Bruno Mars","Locked out of Heaven","Atlantic Records",18,56,185,"13206651"
56,"spotify:track:7tI8dRuH2Yc6RuoTjxo4dU","Jimin","Who","BIGHIT MUSIC",1,62,83,"13147048"
57,"spotify:track:7D0RhFcb3CrfPuTJ0obrod","Coldplay","Sparks","Parlophone UK",30,60,78,"12976842"
58,"spotify:track:13CwOTXUgBugeBByE9oIWb","Nadhif Basalamah","kota ini tak sama tanpamu","After School",48,86,7,"12844966"
59,"spotify:track:2ZyrAym0sRLwt4PhGotHuI","Ryan Castro, Kapo, Gangsta","LA VILLA","AWOO Corp./Sony Music Latin",47,59,6,"12796776"
60,"spotify:track:3jhyw60F61gc7nC4dblqtC","PEDRO SAMPAIO, MC Meno K, Melody","JETSKI","Sony Music Entertainment",60,100,8,"12665233"
61,"spotify:track:7MXVkk9YMctZqd1Srtv4MB","The Weeknd, Daft Punk","Starboy","The Weeknd/Lyric",1,63,281,"12642235"
62,"spotify:track:6VNXmo59yDYgcwLS17UNAW","Bad Bunny, Los Pleneros de la Cresta","CAFé CON RON","Rimas Entertainment LLC.",30,49,8,"12595062"
63,"spotify:track:3GCdLUSnKSMJhs4Tj6CV3s","Kendrick Lamar, SZA","All The Stars (with SZA) - From ""Black Panther: The Album""","Black Panther (TDE/DMG) PS",2,65,140,"12575509"
64,"spotify:track:7cjoZVmWe2xsGR4wcXiV2v","Lil Uzi Vert","What You Saying","Roc Nation Distribution",38,51,7,"12565679"
65,"spotify:track:33MeEaRCeIQMSRyFTr5ZJU","Neton Vega","Pvta Luna","Josa Records (Neton Vega)",61,76,14,"12497078"
66,"spotify:track:4NyUIohBa3CEMGcXURYSOh","Herencia De Grandes","Ya Borracho","Rancho Humilde",66,101,13,"12411213"
67,"spotify:track:4wJ5Qq0jBN4ajy7ouZIV1c","ROSÉ, Bruno Mars","APT.","Atlantic Records",1,68,70,"12377148"
68,"spotify:track:3B4cjvGlPvyBLNG3AzEgkZ","Don Toliver","E85","CactusJack/Donnway/ATL",54,83,3,"12349005"
69,"spotify:track:17phhZDn6oGtzMe56NuWvj","Teddy Swims","Lose Control","Warner Records",5,64,119,"12293470"
70,"spotify:track:3siwsiaEoU4Kuuc9WKMUy5","The Marías","No One Noticed","Nice Life/Atlantic",37,70,66,"12167135"
71,"spotify:track:64qfw9JZl3RYCrq4Mn0WvT","Idgitaf","Sedia Aku Sebelum Hujan","idgitaf musik",24,75,12,"12101814"
72,"spotify:track:0FlcmZ13DGRmscCroro9GO","Don Toliver","Body","CactusJack/Donnway/ATL",34,71,3,"12090551"
73,"spotify:track:4VxTzYm00mg82MuoT35Ja7","Tyla","CHANEL","Epic",9,73,14,"11950539"
74,"spotify:track:0lYBSQXN6rCTvUZvg9S0lU","DJ Snake, Justin Bieber","Let Me Love You","DJ Snake Def Jam",4,74,93,"11914002"
75,"spotify:track:6DH13QYXK7lKkYHSU88N48","Daniel Caesar","Who Knows","Republic Records",58,82,13,"11868400"
76,"spotify:track:7BqBn9nzAq8spo5e7cZ0dJ","Bruno Mars","Just the Way You Are","Elektra (NEK)",34,99,160,"11854060"
77,"spotify:track:45Z3m6yazmAi4jZuW0tzW0","Harry Styles","Aperture","Columbia",2,41,4,"11693630"
78,"spotify:track:58ge6dfP91o9oXMzq3XkIS","Arctic Monkeys","505","Domino Recording Co",43,96,215,"11663420"
79,"spotify:track:136BeIIoBGrrU9fI1jbcDR","Peso Pluma, Tito Double P","daño","Double P Records",32,91,8,"11617576"
80,"spotify:track:312z6PZ8wwREck8613PkJk","Olivia Dean","A Couple Minutes","PLG - Capitol",80,85,13,"11597033"
81,"spotify:track:7ne4VBA60CxGM75vw0EYad","Gracie Abrams","That’s So True","Gracie Abrams, under exclusive license to Interscope Records",3,88,70,"11594493"
82,"spotify:track:7B3BwNecBhKvNwSMOOl7Gk","Addison Rae","Fame is a Gun","Columbia",56,72,13,"11548359"
83,"spotify:track:0ofHAoxe9vBkTCp2UQIavz","Fleetwood Mac","Dreams - 2004 Remaster","Rhino/Warner Records",20,93,142,"11536842"
84,"spotify:track:5nEdwtSv0qqeE0l4o1lR4q","Sean Paul, Keyshia Cole","(When You Gonna) Give It Up to Me - Radio Version","VP Records",84,106,5,"11418358"
85,"spotify:track:4lzo6zPM2paqyP8oBp3DOs","Peso Pluma, Tito Double P","7-3","Double P Records",42,84,8,"11408116"
86,"spotify:track:2mdEsXPu8ZmkHRRtAdC09e","Lana Del Rey","Cinnamon Girl","Polydor Records",86,109,18,"11360307"
87,"spotify:track:2uXlHCUbq9OMUwx3hrk06o","Vance Joy","Riptide","Atlantic Records",30,112,262,"11276221"
88,"spotify:track:0Sa8aRfGckW0qUGLrBwoBG","Lenin Ramírez","Todo Lo Fue","DEL Records",88,121,4,"11268175"
89,"spotify:track:0WbMK4wrZ1wFSty9F7FCgu","Chappell Roan","Good Luck, Babe!","Chappell Roan PS/ Island",6,92,97,"11260657"
90,"spotify:track:5BZsQlgw21vDOAjoqkNgKb","Justin Bieber","DAISIES","JRC Entertainment, LLC / ILH Production Co. LLC / Def Jam Recordings",2,69,32,"11232151"
91,"spotify:track:0FIDCNYYjNvPVimz5icugS","The Weeknd, Playboi Carti","Timeless (feat Playboi Carti)","XO / Republic Records",3,95,73,"11226289"
92,"spotify:track:1PREzVLuDT6PSE9sej4wnV","Fuerza Regida, Grupo Frontera","COQUETA","Rancho Humilde/Streetmob Records/Grupo Frontera/Sony Music Latin",88,98,41,"11192836"
93,"spotify:track:2CGNAOSuO1MEFCbBRgUzjd","Kendrick Lamar, SZA","luther (with sza)","pgLang, under exclusive license to Interscope Records",2,78,65,"11184560"
94,"spotify:track:0d28khcov6AiegSCpG5TuT","Gorillaz, De La Soul","Feel Good Inc.","Parlophone UK",46,108,61,"11089955"
95,"spotify:track:4G7bbgD2DHORU4frrWoCXp","DJ Japa NK, MC Meno K, MC Ryan SP, Mc Jacaré, DJ DAVI DOGDOG","Posso Até Não Te Dar Flores","Bololo Records",11,110,18,"11051865"
96,"spotify:track:4Dvkj6JhhA12EX05fT7y2e","Harry Styles","As It Was","Columbia",1,103,196,"11043769"
97,"spotify:track:2HRgqmZQC0MC7GeNuDIXHN","Jung Kook, Latto","Seven (feat. Latto) (Explicit Ver.)","BIGHIT MUSIC",1,102,136,"11022577"
98,"spotify:track:0TFTAtCYhp2tQ9KcJIZb55","sombr","undressed","Warner Records",6,79,47,"10999864"
99,"spotify:track:7gKxCvTDWwV9wBhdeBbr3l","Olivia Dean","Nice To Each Other","PLG - Capitol",53,87,25,"10930521"
100,"spotify:track:09CtPGIpYB4BrO8qb1RGsF","Justin Bieber","Sorry","RBMG/Def Jam",65,80,43,"10901693"
101,"spotify:track:1mea3bSkSGXuIRvnydlB5b","Coldplay","Viva La Vida","Parlophone UK",31,115,182,"10899916"
102,"spotify:track:0SqqAgdovOE24BzxIClpjw","Bad Bunny","Yo Perreo Sola","Rimas Entertainment LLC",18,145,36,"10882824"
103,"spotify:track:5WEF0icHWmAZBBMglBd599","Bad Bunny, Chuwi","WELTiTA","Rimas Entertainment LLC.",11,38,16,"10861897"
104,"spotify:track:6K4t31amVTZDgR3sKmwUJJ","Tame Impala","The Less I Know The Better","Universal Music Australia Pty. Ltd.",87,123,72,"10844171"
105,"spotify:track:5tZaKZPJtiHh6teQfVEHB5","Piche Kota","Bahagia Lagi","PT. Universal Music Indonesia",105,151,3,"10838185"
106,"spotify:track:77zqs8ucHCSk5jh9TYec4b","Noah Kahan","The Great Divide","Mercury Records",16,55,3,"10769600"
107,"spotify:track:73scB4Q4fcOmnsBVZPmk32","KAROL G","Si Antes Te Hubiera Conocido","Bichota/Interscope Records",5,105,80,"10763985"
108,"spotify:track:3hpm0fTeSqlhJbnqAgaLZs","Fuerza Regida","Marlboro Rojo","Rancho Humilde/Street Mob Records/Sony Music Latin",20,118,41,"10759793"
109,"spotify:track:6iOndD4OFo7GkaDypWQIou","W Sound, Beéle, Ovy On The Drums","La Plena - W Sound 05","WEA Latina",5,90,51,"10753264"
110,"spotify:track:7J1uxwnxfQLu4APicE5Rnj","Michael Jackson","Billie Jean","Epic",48,124,39,"10696080"
111,"spotify:track:0COqiPhxzoWICwFCS4eZcp","Evanescence","Bring Me To Life","The Bicycle Music Company",97,120,46,"10684748"
112,"spotify:track:5yJaXWIErrrsjQ3J0eR5aK","Lord Huron","The Night We Met","Lord Huron",15,122,174,"10674364"
113,"spotify:track:0VjIjW4GlUZAMYd2vXMi3b","The Weeknd","Blinding Lights","Republic Records",1,116,325,"10552130"
114,"spotify:track:0B7wvvmu9EISAwZnOpjhNI","Bruno Mars","When I Was Your Man","Atlantic Records",38,107,164,"10532876"
115,"spotify:track:7qiZfU4dY1lWllzX7mPBI3","Ed Sheeran","Shape of You","Atlantic Records UK",1,136,402,"10510695"
116,"spotify:track:554qQSs9lpRVq6TlaaiIKT","EsDeeKid","4 Raws","Lizzy Records",32,89,12,"10467203"
117,"spotify:track:0ll8uFnc0nANY35E0Lfxvg","Keane","Somewhere Only We Know","Universal-Island Records Ltd.",71,117,169,"10445952"
118,"spotify:track:0bxPRWprUVpQK0UFcddkrA","Kehlani","Folded","TSNMI / Atlantic",62,114,29,"10421218"
119,"spotify:track:5oO3drDxtziYU2H1X23ZIp","Rihanna","Love On The Brain","Roc Nation / Rihanna",68,149,38,"10377654"
120,"spotify:track:3zEN0ii6s4DHHBpnTp3RP7","Empire Of The Sun","We Are The People","EMI Recorded Music Australia Pty Ltd",94,129,29,"10352011"
121,"spotify:track:1oAwsWBovWRIp7qLMGPIet","Cigarettes After Sex","Apocalypse","Partisan Records",53,133,188,"10267284"
122,"spotify:track:1HEwEN64NjgTaHmo7LfkX8","Beéle","no tiene sentido","5020 Records",18,119,36,"10234812"
123,"spotify:track:2a1o6ZejUi8U3wzzOtCOYw","Don Omar, Lucenzo","Danza Kuduro","UMLE - Machete",80,131,112,"10109974"
124,"spotify:track:0IMJsnmPXXgPyQDbhomx1B","Junior H, Gael Valenzuela, Peso Pluma","DROGA LETAL","WEA Latina",124,-1,1,"10099761"
125,"spotify:track:0tgVpDi06FyKpA1z0VMD4v","Ed Sheeran","Perfect","Atlantic Records UK",4,158,435,"10074821"
126,"spotify:track:2nMeu6UenVvwUktBCpLMK9","Lana Del Rey","Young And Beautiful","Polydor Records",104,128,51,"10053655"
127,"spotify:track:43iIQbw5hx986dUEZbr3eN","Laufey","From The Start","Laufey",97,168,33,"9899441"
128,"spotify:track:3nqqDo8CcCLke3ZoTgiOKf","The Script","The Man Who Can't Be Moved","Epic/Phonogenic",106,147,14,"9805281"
129,"spotify:track:0gucTLf7trAf37Ua1uAyAu","Nirvana","Smells Like Teen Spirit","Geffen",103,142,144,"9720025"
130,"spotify:track:2fuYa3Lx06QQJAm0MjztKr","Radiohead","Let Down","XL Recordings",55,141,38,"9709515"
131,"spotify:track:51ZQ1vr10ffzbwIjDCwqm4","Ariana Grande","we can't be friends (wait for your love)","Republic Records",1,140,102,"9702505"
132,"spotify:track:0fK7ie6XwGxQTIkpFoWkd1","JENNIE","like JENNIE","OA Entertainment/Columbia",6,125,50,"9673193"
133,"spotify:track:4rMNgxEwGWoPHIUcvB5BrB","Bruno Mars","It Will Rain","Elektra (NEK)",57,127,25,"9672199"
134,"spotify:track:0eaVIYo2zeOaGJeqZ5TwYz","Don Toliver","No Pole","Cactus Jack / Atlantic",72,143,62,"9620485"
135,"spotify:track:2tpWsVSb9UEmDRxAl1zhX1","OneRepublic","Counting Stars","Mosley / Interscope",86,144,251,"9619356"
136,"spotify:track:7jtQIBanIiJOMS6RyCx6jZ","Tom Odell","Another Love","ITNO/Columbia",15,157,254,"9601317"
137,"spotify:track:6ifUES3keWjwXgae8pXI3o","Danny Ocean","Me Rehúso","Atlantic Records",20,181,84,"9592048"
138,"spotify:track:1qRV1dKLOfH1s00b9J2LUQ","Zara Larsson","Midnight Sun","Sommer House/Epic",138,139,5,"9536167"
139,"spotify:track:4QNpBfC0zvjKqPJcyqBy9W","Pitbull, AFROJACK, Ne-Yo, Nayer","Give Me Everything (feat. Nayer)","Mr.305/Polo Grounds Music/J Records",72,169,67,"9440288"
140,"spotify:track:3G7agPwWfcORnWCAGMDOpm","Bad Bunny","LA MuDANZA","Rimas Entertainment LLC.",32,61,7,"9432852"
141,"spotify:track:6fxVffaTuwjgEk5h9QyRjy","Ed Sheeran","Photograph","Atlantic Records UK",41,173,216,"9414721"
142,"spotify:track:2ENexcMEMsYk0rVJigVD3i","Rihanna","Only Girl (In The World)","Def Jam Recordings",99,176,18,"9398488"
143,"spotify:track:1Jo0Zg7XlrA6z0mFTZVdkn","Rihanna","Don't Stop The Music","Def Jam Recordings",143,179,17,"9360124"
144,"spotify:track:60a0Rd6pjrkxjPbaKzXjfq","Linkin Park","In the End","Warner Records",22,153,131,"9339232"
145,"spotify:track:57Z6TJCTMACXxdrcwZ3Zvf","EsDeeKid, Rico Ace","Phantom","Lizzy Records",45,138,14,"9330004"
146,"spotify:track:4MzXwWMhyBbmu6hOcLVD49","Bad Bunny, JHAYCO","DÁKITI","Rimas Entertainment LLC",1,104,109,"9305114"
147,"spotify:track:58q2HKrzhC3ozto2nDdN4z","Cardi B, Bad Bunny, J Balvin","I Like It","Atlantic/KSR",2,162,76,"9294715"
148,"spotify:track:1eunv1DeEi29UfAcVEoLTt","Tito Double P","POR SUS BESOS","Double P Records",28,-1,16,"9294332"
149,"spotify:track:3d0WouFnFmr0K3kjeza3fF","Shakira, Wyclef Jean","Hips Don't Lie (feat. Wyclef Jean)","Epic",82,185,41,"9271888"
150,"spotify:track:4oVO4fGNRRvEn0CRuFO4qv","ROSALÍA, Yahritza Y Su Esencia","La Perla","Columbia",7,132,15,"9195701"
151,"spotify:track:6eLQXa6uk2EW8drsiKbABZ","Fuerza Regida","TU SANCHO","Rancho Humilde/Street Mob Records/Sony Music Latin",11,165,38,"9172586"
152,"spotify:track:1XGmzt0PVuFgQYYnV2It7A","Maroon 5, Wiz Khalifa","Payphone","Interscope Records*",70,190,91,"9169804"
153,"spotify:track:1FEiijYPJtyswChfcpv3p0","Lana Del Rey","Summertime Sadness","Urban",83,194,158,"9115641"
154,"spotify:track:1QV6tiMFM6fSOKOGLMHYYg","Lady Gaga","Poker Face","Streamline/Interscope",37,164,54,"9093617"
155,"spotify:track:6AI3ezQ4o3HUoP6Dhudph3","Kendrick Lamar","Not Like Us","Kendrick Lamar, under exclusive license to Interscope Records",2,160,77,"9071337"
156,"spotify:track:7BKLCZ1jbUBVqRi2FVlTVw","The Chainsmokers, Halsey","Closer","Disruptor Records/Columbia",2,159,232,"9060360"
157,"spotify:track:4e76Ss3ji7HQZ4qwcPNkNA","Junior H","MIENTRAS DUERMES","WEA Latina",134,-1,17,"9057486"
158,"spotify:track:6uiQ0DqbXTBc8tl0AUKZkR","Rels B","TU VAS SIN (fav)","DALE PLAY Records / Flakk Team",28,161,32,"9044253"
159,"spotify:track:2tHwzyyOLoWSFqYNjeVMzj","Sabrina Carpenter","Please Please Please","Island Records",1,150,69,"9039992"
160,"spotify:track:6393yGahSJ9slVdOwSxOVR","Chappell Roan","Pink Pony Club","Chappell Roan PS/ Island",24,155,76,"9024552"
161,"spotify:track:2yWlGEgEfPot0lv3OAjuG3","Tate McRae, F1 The Album","Just Keep Watching (From F1® The Movie)","Atlantic Records",10,146,35,"9002122"
162,"spotify:track:7lQ8MOhq6IN2w8EYcFNSUk","Eminem","Without Me","Eminem Catalog PS",31,172,220,"8988492"
163,"spotify:track:5MCbGWnNLLjoHpbDO3BOgi","Shashwat Sachdev, Arijit Singh, Irshad Kamil, Armaan Khan","Gehra Hua (From ""Dhurandhar"")","Saregama India Ltd",86,134,9,"8988395"
164,"spotify:track:75JFxkI2RXiU7L9VXzMkle","Coldplay","The Scientist","Parlophone Records Limited",71,175,95,"8985661"
165,"spotify:track:2374M0fQpWi3dLnB54qaLX","TOTO","Africa","Columbia",95,191,101,"8980737"
166,"spotify:track:2LBqCSwhJGcFQeTHMVGwy3","The Weeknd","Die For You","The Weeknd/Lyric",12,183,209,"8971073"
167,"spotify:track:3k3NWokhRRkEPhCzPmV8TW","Bad Bunny, Bomba Estéreo","Ojitos Lindos","Rimas Entertainment LLC",3,137,72,"8952556"
168,"spotify:track:1zv3WFUbZ5vPxFq9I2jAU1","Rihanna, Calvin Harris","We Found Love","Def Jam Recordings",59,-1,105,"8947496"
169,"spotify:track:5TRPicyLGbAF2LGBFbHGvO","Kanye West, Dwele","Flashing Lights","Roc-A-Fella",121,167,28,"8940144"
170,"spotify:track:5EcG8eMMlwkHRVa4aTR1qd","Rihanna","Breakin' Dishes","Def Jam Recordings",39,177,46,"8932822"
171,"spotify:track:5UJbgR4XF4y1DvbkxEqe8S","Tate McRae","Sports car","RCA Records Label",16,154,55,"8926887"
172,"spotify:track:7aLndReanHBzpTGE5Am9H8","Luke Combs","Be By You","Columbia Nashville",172,-1,1,"8915837"
173,"spotify:track:0ug5NqcwcFR2xrfTkc7k8e","Taylor Swift","Style","Taylor Swift",24,174,46,"8872660"
174,"spotify:track:3vJIaiTIHxHhYafTSPNiH4","Disney, Shakira","Zoo","Walt Disney Records",113,197,8,"8858906"
175,"spotify:track:36vmaZyO0iAE6FZ7287fg2","Olivia Dean","Dive","PLG - Capitol",150,170,6,"8827626"
176,"spotify:track:2YiCMmONQcoMPX2bV1LxE0","Tears For Fears","Everybody Wants To Rule The World","UMC (Universal Music Catalogue)",51,94,147,"8825082"
177,"spotify:track:2GP6UzoA55p6yYiPCGyEhg","Omar Camacho, Victor Mendivil","2+2","Rico o Muerto Music LLC",81,187,28,"8819730"
178,"spotify:track:46YjJXVXWHlQ21odKktg5e","Tainy, Bad Bunny","MOJABI GHOST","NEON16, LLC",12,156,19,"8797273"
179,"spotify:track:1DIXPcTDzTj8ZMHt3PDt8p","Coolio, L.V.","Gangsta's Paradise","Tommy Boy Music, LLC",40,-1,108,"8794425"
180,"spotify:track:0InIeZW4P6VO7dUGRM4AKH","The Marías","Sienna","Nice Life/Atlantic",89,163,22,"8779693"
181,"spotify:track:2LawezPeJhN4AWuSB0GtAU","Creedence Clearwater Revival","Have You Ever Seen The Rain","Craft Recordings",75,-1,65,"8779601"
182,"spotify:track:6czM6UMQD9qE5GAUp68oud","Justin Bieber, Chance the Rapper","Confident","RBMG/Def Jam",140,171,23,"8762845"
183,"spotify:track:2gam98EZKrF9XuOkU13ApN","Nelly Furtado, Timbaland","Promiscuous","Mosley / Geffen",140,-1,19,"8725333"
184,"spotify:track:35ISBknsCeZQtq66xABI9g","Lola Young","Messy","Universal-Island Records Ltd.",7,152,61,"8722593"
185,"spotify:track:1PtQJZVZIdWIYdARpZRDFO","Kate Bush","Running Up That Hill (A Deal With God)","Fish People",1,180,46,"8675901"
186,"spotify:track:7snQQk1zcKl8gZ92AnueZW","Guns N' Roses","Sweet Child O' Mine","Guns N Roses P&D",101,-1,59,"8673745"
187,"spotify:track:1uvyZBs4IZYRebHIB1747m","Prince","Purple Rain","Warner Records",36,-1,6,"8651487"
188,"spotify:track:3hxIUxnT27p5WcmjGUXNwx","Hotel Ugly","Shut up My Moms Calling","Hotel Ugly, under exclusive license to Amuseio AB",78,-1,111,"8637340"
189,"spotify:track:0RiRZpuVRbi7oqRdSMwhQY","Post Malone, Swae Lee","Sunflower - Spider-Man: Into the Spider-Verse","Republic Records",1,-1,326,"8622341"
190,"spotify:track:5e9TFTbltYBg2xThimr0rU","Fleetwood Mac","The Chain - 2004 Remaster","Rhino/Warner Records",119,184,26,"8606131"
191,"spotify:track:4Z5KKoBGxpJo8YbDcGQXd5","Don Toliver, Rema","Secondhand (feat. Rema)","CactusJack/Donnway/ATL",68,126,3,"8605631"
192,"spotify:track:7vg9noSnFEyPfwLiaCW4vi","ZXKAI, slxughter","NO BATIDÃO","ZXKAI",192,-1,1,"8594552"
193,"spotify:track:4dneV7C1yDt9UtyxrQY375","The Cure","Boys Don't Cry","UMC (Universal Music Catalogue)",143,199,5,"8580780"
194,"spotify:track:54PbBpquVfhfrwRwvjSXbI","Charlie Puth, Selena Gomez","We Don't Talk Anymore (feat. Selena Gomez)","Artist Partner",39,-1,68,"8565930"
195,"spotify:track:3dYD57lRAUcMHufyqn9GcI","Hozier","Take Me To Church","Universal-Island Records Ltd.",108,-1,212,"8552681"
196,"spotify:track:57bgtoPSgt236HzfBOd8kj","AC/DC","Thunderstruck","Columbia",162,-1,12,"8552031"
197,"spotify:track:4S1SaaCxQ87nXpA2EfYFj4","DJ Japa NK, MC Meno K","Amo Minha Favela","Bololo Records",195,-1,2,"8549865"
198,"spotify:track:5WOSNVChcadlsCRiqXE45K","Hindia","everything u are","Sun Eater",184,-1,3,"8546479"
199,"spotify:track:2uIX8YMNjGMD7441kqyyNU","Billie Eilish","ocean eyes","Darkroom",87,-1,94,"8530467"
200,"spotify:track:22skzmqfdWrjJylampe0kt","Macklemore, Ryan Lewis, Macklemore & Ryan Lewis, Ray Dalton","Can't Hold Us (feat. Ray Dalton)","Macklemore",86,-1,186,"8519331"
